threshold,coverage,rejection_rate,accepted,rejected,accepted_accuracy,accepted_balanced_accuracy,accepted_errors
0.0,1.0,0.0,3103,0,0.9800193361263294,0.9728186311419068,62
0.5,0.9742184982275217,0.025781501772478288,3023,80,0.9894144889182931,0.9843808855455765,32
0.6,0.955849178214631,0.044150821785369,2966,137,0.99291975724882,0.9884064926557898,21
0.7,0.9284563325813728,0.07154366741862717,2881,222,0.99583477959042,0.9929985155906171,12
0.75,0.9033193683532066,0.09668063164679341,2803,300,0.9975026757046022,0.99451424930359,7
0.8,0.8047051240734773,0.19529487592652273,2497,606,0.9975971165398478,0.9952951756941604,6
0.85,0.49629390912020627,0.5037060908797937,1540,1563,0.9987012987012988,0.9984613614793938,2
0.9,0.29745407669996776,0.7025459233000322,923,2180,0.9989165763813651,0.9984375,1
0.92,0.1807927811795037,0.8192072188204963,561,2542,0.9982174688057041,0.9976851851851851,1
0.94,0.059619722848855944,0.940380277151144,185,2918,1.0,1.0,0
0.95,0.026103770544634225,0.9738962294553658,81,3022,1.0,1.0,0
0.96,0.004189494038027715,0.9958105059619723,13,3090,1.0,1.0,0
0.97,0.0,1.0,0,3103,,,0
0.98,0.0,1.0,0,3103,,,0
0.99,0.0,1.0,0,3103,,,0
