epoch,phase,train_loss,train_ba,val_loss,val_ba
1,freeze,1.291566390665431,0.6172266733253347,1.1579726162762276,0.8381432074852013
2,freeze,0.9944000947563794,0.7693385148277605,1.1444773546039944,0.8403143615393898
3,freeze,0.9427566592861597,0.7898344173942017,1.1143286588651606,0.8768836143708884
4,freeze,0.9227876939813514,0.8030091211338036,1.1113028090512038,0.8883574145419006
5,freeze,0.9250127522744865,0.796919000803019,1.095381514438885,0.8814125089925484
6,finetune,0.7475335527495957,0.8968362321934171,0.9908673195282465,0.9239704393363353
7,finetune,0.6272966947395725,0.9479957041214795,0.9178606765182613,0.9444724829995503
8,finetune,0.5875061251177467,0.9682916540211717,0.8995426093894078,0.9535984122188126
9,finetune,0.5550627130444804,0.9797205551284349,0.8951426166476626,0.9613779811370726
10,finetune,0.5406027768759277,0.985502594229992,0.8678082904840269,0.9617088593970018
11,finetune,0.5251087937245936,0.9906610592807241,0.8785052459367547,0.9472656708755981
12,finetune,0.5228175518591865,0.9896872695264197,0.8788468491101096,0.9582187037946052
13,finetune,0.5133574329343028,0.9924255760155283,0.8947197612372619,0.9485824407760639
14,finetune,0.5057775457943404,0.9937654620975701,0.8438213165923905,0.9550954932710489
15,finetune,0.5007770326189022,0.9945226398204686,0.8473407565048631,0.9540371024824414
16,finetune,0.5025998399674874,0.9949718553357583,0.8479692570860351,0.9523339300657535
17,finetune,0.489958721612524,0.996573667920569,0.8228345264318603,0.9598380078163236
18,finetune,0.48443949808430525,0.9972245551185349,0.8155961465558876,0.9660762339494137
19,finetune,0.4848905148676738,0.9982399196935854,0.8152309096220768,0.9648579077487038
20,finetune,0.4824380947818996,0.9975121839394847,0.8175915734834013,0.9613164138787491
21,finetune,0.4840423292280819,0.998334502180905,0.8197727282534562,0.9577874921544958
22,finetune,0.4794645598155239,0.9984753342906294,0.8145812844400019,0.9619596640954584
23,finetune,0.4800989529297423,0.998481582149469,0.8130821138716451,0.9650915561814204
24,finetune,0.4806138994883538,0.9989623110377066,0.8152503770140199,0.9606385234471138
25,finetune,0.4761150033098246,0.9989632833722547,0.8059048927806409,0.9640260624617931
26,finetune,0.47398289236144947,0.9987945388600539,0.8046665739659569,0.9662028880069775
27,finetune,0.47411411551172183,0.9992775670033098,0.8084401872218001,0.9636904581769989
28,finetune,0.472659289875301,0.9990437446922971,0.8020762538694706,0.9672043740830905
29,finetune,0.4738923620781974,0.998142007424498,0.7982274080229759,0.9599048717420269
30,finetune,0.4737240430850042,0.9992877554934501,0.7976625099403485,0.9665852836586565
31,finetune,0.4709927415870829,0.9996772420398383,0.8002418365922764,0.9707846978688938
32,finetune,0.47122420178971824,0.9996768359724206,0.7969373564501873,0.9642439693260058
33,finetune,0.4704990203135482,0.9996746955223507,0.7975791691196572,0.9709227781793878
34,finetune,0.47083846087076187,0.9995165145588875,0.7993852550333197,0.966644914206332
35,finetune,0.47233375493956886,0.9987068813279525,0.7988285323560507,0.9631420580627177
36,finetune,0.4695136554387935,0.9995086550732614,0.7932802788447288,0.9669031202286884
37,finetune,0.4700187182103746,0.9996790869314907,0.7961699354656276,0.9668932201796971
38,finetune,0.46937588899319227,0.9995134446197684,0.7968593406185345,0.9666466606147789
39,finetune,0.469437534314296,0.9995098000581188,0.7963151886607661,0.9642518356292525
40,finetune,0.47190615829636195,0.9992994048796763,0.7917119940198828,0.9712962786166921
