epoch,lr,train_loss,train_acc,train_bal_acc,val_loss,val_acc,val_bal_acc
1,0.0002988172051971717,0.4508071111943159,0.8752819851756365,0.8277828032946206,0.41347194105012164,0.8659361907831131,0.8542375364664136
2,0.0002952874741692947,0.2511280723734898,0.9299065420560748,0.9045838833781881,0.2855755894982427,0.9078311311633903,0.8789521877271076
3,0.0002894664728832377,0.206011149377985,0.9437640992587818,0.9249335684040727,0.25925229629066504,0.912020625201418,0.884251775043908
4,0.00028144600200657956,0.1522590496291893,0.95592974540767,0.9435329355662796,0.2108019427415866,0.9287786013535289,0.89964203406699
5,0.00027135254915624217,0.11551809011137067,0.9692233322591041,0.960909750978301,0.23136343114267732,0.9252336448598131,0.9062176535392503
6,0.0002593452941132118,0.1226563290772402,0.9646310022558814,0.9529589726686555,0.29716205237720844,0.912020625201418,0.8929321255988794
7,0.00024561359846230347,0.0869910099510316,0.9759104092813407,0.9700066267723406,0.21381079363887287,0.9358685143409604,0.9016428641086862
8,0.0002303740192468495,0.07276779078166239,0.9793747985820174,0.9723999989812878,0.18151828716531554,0.942636158556236,0.9241570001218147
9,0.0002138668937347609,0.05210701418143754,0.9855784724460199,0.9823974111557998,0.18019926245526904,0.9439252336448598,0.9284187078150978
10,0.0001963525491562421,0.04875029757744361,0.9871092491137609,0.9830494461494329,0.18138803983670865,0.9494038027715115,0.9306919065226942
11,0.00017810719718785873,0.030440764677720736,0.9911376087657106,0.9898490897527801,0.1615085789466789,0.9542378343538511,0.9281031475749507
12,0.00015941857792939703,0.027426036825023,0.9923461166612956,0.9907474938823303,0.18997429424907042,0.9481147276828875,0.9240434828173941
13,0.00014058142207060302,0.03145313054194738,0.9902513696422817,0.9876535922210221,0.15341961653828656,0.956171446986787,0.9379063985952563
14,0.00012189280281214133,0.01638469199110945,0.9950854012246213,0.9939875164447719,0.1336733629375389,0.9597164034805027,0.944023225324368
15,0.00010364745084375795,0.00718351732494905,0.9981469545601032,0.9984904375562782,0.14419417202747611,0.9606832097969706,0.9434596724372021
16,8.61331062652391e-05,0.009747712658024914,0.9975024170157911,0.9969570881084235,0.12240852317222056,0.9635836287463745,0.9448799064537226
17,6.962598075315047e-05,0.007787486640027764,0.9974218498227522,0.9970952682356067,0.13499136889639124,0.9577827908475669,0.9375151730355467
18,5.4386401537696536e-05,0.005661983323639005,0.9987109249113761,0.9980231589398434,0.14112726301145406,0.9603609410248147,0.9413969321524603
19,4.06547058867883e-05,0.0044339158746016655,0.998872059297454,0.9984720131971077,0.13228205240370908,0.9610054785691267,0.9402301465739507
20,2.86474508437579e-05,0.0024335935660068407,0.999597164034805,0.9996548586271199,0.12200377022953632,0.9642281662906864,0.944328822136286
21,1.8553997993420465e-05,0.0032568757754884935,0.999274895262649,0.9989297081587964,0.13016908690111265,0.9629390912020626,0.9442229276548678
22,1.05335271167623e-05,0.00266289219602915,0.999274895262649,0.9986118612047976,0.12848577991982155,0.9664840476957782,0.9473993988793799
23,4.712525830705356e-06,0.0012008235652945216,0.999677731227844,0.9998018230997974,0.12620572134570807,0.9645504350628424,0.9461324560886735
24,1.1827948028283355e-06,0.0010029405701716854,0.999919432806961,0.999922311995028,0.11876271101684627,0.9668063164679342,0.9486868691293152
25,0.0,0.0013976644208485785,0.999758298420883,0.999617808282708,0.12406629588379327,0.9664840476957782,0.9480761246807028
