epoch,phase,fold,train_loss,train_ba,val_loss,val_ba
1,freeze,0,0.921276794954159,0.5151512333776698,0.37886368937945974,0.7583855099799028
2,freeze,0,0.5884087780789643,0.7042528362041617,0.3228263804733707,0.7995611200730823
3,freeze,0,0.5395169965213288,0.7289147776050289,0.28974055444097113,0.8344130090736961
4,finetune,0,0.33301698504858435,0.8503863629532739,0.21966782022103357,0.9004815452220514
5,finetune,0,0.22465235831070646,0.9133601676820112,0.2040495788484051,0.910596222701006
6,finetune,0,0.17918470327719077,0.9385329798030758,0.17526020200696918,0.941619993344398
7,finetune,0,0.15081748777243567,0.9561667041453523,0.16821085313033984,0.9393795990379342
8,finetune,0,0.14009816682103593,0.9637845759262047,0.153992382447939,0.9419098461374242
9,finetune,0,0.1256974005242744,0.9723454326828225,0.14778246999662786,0.9431417934292057
10,finetune,0,0.12583696209294046,0.9730957785243023,0.16077727467766678,0.9289556324212911
11,finetune,0,0.12020448346404472,0.9749480406525147,0.1519898905808485,0.9421101888560559
12,finetune,0,0.11529674478048837,0.9770801018788025,0.15543093078835288,0.934903198196759
13,finetune,0,0.10676672840751164,0.9822983030695499,0.13602693412346334,0.9437426618906364
14,finetune,0,0.10264127439241466,0.9845490990820882,0.13937498582995222,0.9477673684021022
15,finetune,0,0.10586578807309392,0.9818491447725992,0.14118561076039227,0.9475360664663366
